-- MySQL dump 10.16  Distrib 10.1.48-MariaDB, for debian-linux-gnu (x86_64)
--
-- Host: 127.0.0.1    Database: as
-- ------------------------------------------------------
-- Server version	10.8.3-MariaDB-1:10.8.3+maria~jammy

/*!40101 SET @OLD_CHARACTER_SET_CLIENT=@@CHARACTER_SET_CLIENT */;
/*!40101 SET @OLD_CHARACTER_SET_RESULTS=@@CHARACTER_SET_RESULTS */;
/*!40101 SET @OLD_COLLATION_CONNECTION=@@COLLATION_CONNECTION */;
/*!40101 SET NAMES utf8 */;
/*!40103 SET @OLD_TIME_ZONE=@@TIME_ZONE */;
/*!40103 SET TIME_ZONE='+00:00' */;
/*!40014 SET @OLD_UNIQUE_CHECKS=@@UNIQUE_CHECKS, UNIQUE_CHECKS=0 */;
/*!40014 SET @OLD_FOREIGN_KEY_CHECKS=@@FOREIGN_KEY_CHECKS, FOREIGN_KEY_CHECKS=0 */;
/*!40101 SET @OLD_SQL_MODE=@@SQL_MODE, SQL_MODE='NO_AUTO_VALUE_ON_ZERO' */;
/*!40111 SET @OLD_SQL_NOTES=@@SQL_NOTES, SQL_NOTES=0 */;

--
-- Table structure for table `refresh_token`
--

DROP TABLE IF EXISTS `refresh_token`;
/*!40101 SET @saved_cs_client     = @@character_set_client */;
/*!40101 SET character_set_client = utf8 */;
CREATE TABLE `refresh_token` (
  `id` bigint(20) NOT NULL AUTO_INCREMENT,
  `user_id` bigint(20) DEFAULT NULL,
  `token` varchar(250) NOT NULL,
  `access_token` text DEFAULT NULL,
  `expiry_date` datetime NOT NULL,
  `created_by` varchar(25) DEFAULT NULL,
  `created_date` datetime DEFAULT NULL,
  `modified_by` varchar(25) DEFAULT NULL,
  `modified_date` datetime DEFAULT NULL,
  `is_deleted` tinyint(1) DEFAULT 0,
  PRIMARY KEY (`id`),
  KEY `refresh_token_FK` (`user_id`),
  KEY `token_index` (`token`),
  CONSTRAINT `refresh_token_FK` FOREIGN KEY (`user_id`) REFERENCES `users` (`id`)
) ENGINE=InnoDB AUTO_INCREMENT=64 DEFAULT CHARSET=utf8mb4;
/*!40101 SET character_set_client = @saved_cs_client */;

--
-- Dumping data for table `refresh_token`
--

LOCK TABLES `refresh_token` WRITE;
/*!40000 ALTER TABLE `refresh_token` DISABLE KEYS */;
INSERT INTO `refresh_token` VALUES (1,2,'4b1a0d74-1c71-45da-8739-97afc71b84f0','','2022-06-21 10:37:20',NULL,NULL,NULL,NULL,NULL),(2,2,'13f7c6bb-52bd-4bee-b236-44dcc8ffa906','','2022-06-21 11:01:00',NULL,NULL,NULL,NULL,NULL),(3,2,'34e565e5-fe42-4a37-b33c-a3b8b35c370d','','2022-06-21 11:01:02',NULL,NULL,NULL,NULL,NULL),(4,2,'ac558ca9-ff8a-4e12-91ef-ac0499909663','','2022-06-21 11:01:03',NULL,NULL,NULL,NULL,NULL),(5,2,'bdd2ac00-fb1d-40ec-97ca-666448cb22d5','','2022-06-21 11:01:04',NULL,NULL,NULL,NULL,NULL),(6,2,'07ce8495-40e1-4adc-9db3-0554eb8979bd','','2022-06-21 11:09:57',NULL,NULL,NULL,NULL,NULL),(7,4,'dd69d4fa-27bf-4e99-881e-6afb76dd0c15','','2022-06-21 11:20:47',NULL,NULL,NULL,NULL,NULL),(8,4,'817e2c9d-2d27-4026-9347-ba9bdb252047','','2022-06-21 11:27:16',NULL,NULL,NULL,NULL,NULL),(9,2,'cebcb209-e824-410a-bc6d-61d90353ab6f','','2022-06-21 11:28:11',NULL,NULL,NULL,NULL,NULL),(10,3,'6e0ba5c8-28e0-4ecd-b64a-00ade75d8740','','2022-06-21 15:04:02',NULL,NULL,NULL,NULL,NULL),(11,3,'aead1c8a-be56-416b-b34a-1ee4eb8d8ae1','','2022-06-22 09:03:15',NULL,NULL,NULL,NULL,NULL),(12,3,'b9d8cd65-1c25-4eeb-9d67-2df8a1cb64eb','','2022-06-23 11:24:05',NULL,NULL,NULL,NULL,NULL),(13,3,'a0430e61-1154-4b0e-bf18-0fef71605692','','2022-06-24 14:12:32',NULL,NULL,NULL,NULL,NULL),(14,3,'694a1235-93bf-444f-ae92-0177403397eb','','2022-06-24 14:12:44',NULL,NULL,NULL,NULL,NULL),(15,3,'2b60b471-6609-4f31-a4be-1faed44d88e8','','2022-06-24 17:08:43',NULL,NULL,NULL,NULL,NULL),(16,3,'e4131040-6d36-42c8-9ac9-f59d57dc5ee3','','2022-06-24 17:10:42',NULL,NULL,NULL,NULL,NULL),(17,3,'b140693e-04c7-46ec-88c2-4354a8226c10','','2022-06-24 17:19:25',NULL,NULL,NULL,NULL,NULL),(18,3,'0fd3558c-a7b1-44ca-8197-cfe5645ab8f9','','2022-06-27 08:45:27',NULL,NULL,NULL,NULL,NULL),(19,3,'d79e3698-afbf-4677-adc2-9181276af7f0','','2022-06-27 10:40:55',NULL,NULL,NULL,NULL,NULL),(20,3,'0cd6ed23-31d9-4ae8-acf6-39b44324a4e1','','2022-06-27 10:41:06',NULL,NULL,NULL,NULL,NULL),(21,3,'5491992f-762b-4044-8cdb-45b12600ae79','eyJhbGciOiJIUzUxMiJ9.eyJzdWIiOiJwaHVjYWRtaW4iLCJhdXRob3JpdGllcyI6WyJST0xFX1VTRVIiLCJST0xFX0FETUlOIl0sImlhdCI6MTY1NjMxMjI0OSwiZXhwIjoxNjU2MzEyNDg5fQ.RP9b70I4eMS1iM8SAMZao8RFs3NN3o4I3k9YhSmfxYKOFiAjiYXEV_sCK-SiAv6yrQLHsWAH62eTy1TkgHAdjA','2022-06-27 14:04:09',NULL,NULL,NULL,NULL,NULL),(22,3,'8d084965-32bb-4dba-902b-475d2191d3e2','eyJhbGciOiJIUzUxMiJ9.eyJzdWIiOiJwaHVjYWRtaW4iLCJhdXRob3JpdGllcyI6WyJST0xFX1VTRVIiLCJST0xFX0FETUlOIl0sImlhdCI6MTY1NjMxMzU3MiwiZXhwIjoxNjU2MzEzODEyfQ.A_5N6CYcx6DHJ97Wba_kJTwxczzxfg3wL3QyjTk_zZwO6xBEiAc3aY49qKKeeMiapk07Z8gB5z-LTKNrPObjWw','2022-06-27 14:26:13',NULL,NULL,NULL,NULL,NULL),(23,3,'2c9df4f2-f47c-4628-9387-23f76660f40e','eyJhbGciOiJIUzUxMiJ9.eyJzdWIiOiJwaHVjYWRtaW4iLCJhdXRob3JpdGllcyI6WyJST0xFX0FETUlOIiwiUk9MRV9VU0VSIl0sImlhdCI6MTY1NjMxMzg5MywiZXhwIjoxNjU2MzE0MTMzfQ.5ECkWNC_uDkvAwqLcrwJ1S30Mu6HAkS8VrEtiI2Blkh5zn-TQmAVw0CzZGBoBMGRXLx1lhReddZ4vDMHByuR9w','2022-06-27 14:31:33',NULL,NULL,NULL,NULL,NULL),(24,3,'8e8a78f8-fd8e-4f73-8a87-97e8202b8b02','eyJhbGciOiJIUzUxMiJ9.eyJzdWIiOiJwaHVjYWRtaW4iLCJhdXRob3JpdGllcyI6WyJST0xFX0FETUlOIiwiUk9MRV9VU0VSIl0sImlhdCI6MTY1NjMxNDI2NywiZXhwIjoxNjU2MzE0NTA3fQ.5k8WGsOIL2KsIzt040EvaZK8t3HNgzPqn2lD-c-3z-HSsgxXiYZjV3PaiM1SckOEmwuaz4vd9WBbAe-6S4NodQ','2022-06-27 14:37:47',NULL,NULL,NULL,NULL,NULL),(25,3,'a185b310-4009-4160-ab37-a85eed9942d2','eyJhbGciOiJIUzUxMiJ9.eyJzdWIiOiJwaHVjYWRtaW4iLCJhdXRob3JpdGllcyI6WyJST0xFX0FETUlOIiwiUk9MRV9VU0VSIl0sImlhdCI6MTY1NjMxNTY5MywiZXhwIjoxNjU2MzE1OTMzfQ.gnhSCxi3DFF3Pj7ZgfNNkHjCOFxxCqgbgwuWWfkzXKg4PaX1E_Q2uhORL4jx9z8U9AdYK_TDmkbodztryIetyQ','2022-06-27 15:00:52',NULL,NULL,NULL,NULL,NULL),(47,5,'d27f7c8f-9e96-46cd-9ead-512180fb33ed','eyJhbGciOiJIUzUxMiJ9.eyJzdWIiOiJwaHVjdmlwIiwiYXV0aG9yaXRpZXMiOlsiUk9MRV9BRE1JTiIsIlJPTEVfVVNFUiJdLCJpYXQiOjE2NTgxMzQ3MTIsImV4cCI6MTY1ODEzNDk1Mn0.tRKRD3HbOVmaLYHydzC7hsp_T2B2yNOJ4SfxJQLP8kG-3yQVHzu1uBcxu_OMeB5qPjDYTFDb-kQcScv_VmAwSw','2022-07-18 16:18:32',NULL,NULL,NULL,NULL,0),(48,5,'d7c96870-c38c-4967-a5a1-c039b2440c23','eyJhbGciOiJIUzUxMiJ9.eyJzdWIiOiJwaHVjdmlwIiwiYXV0aG9yaXRpZXMiOlsiUk9MRV9VU0VSIiwiUk9MRV9BRE1JTiJdLCJpYXQiOjE2NTgxMzQ5ODMsImV4cCI6MTY1ODEzNTIyM30.GrMfc9t_Wx-vnE_fOeeZLM2hLPpYxcdK2xdk8qNl5y7lryEBc6O9CGeyx5pcy-YRj9ERcoKtNU0NAdyp0KIgdg','2022-07-18 16:23:04',NULL,NULL,NULL,NULL,0),(49,5,'9a94bf89-1b62-4e2b-941c-fb4afacea832','eyJhbGciOiJSUzI1NiJ9.eyJzdWIiOiJwaHVjdmlwIiwiYXV0aG9yaXRpZXMiOlsiUk9MRV9VU0VSIiwiUk9MRV9BRE1JTiJdLCJpYXQiOjE2NTgxMzg2NzksImV4cCI6MTY1ODEzODkxOX0.o7_9bmj_iJjBAz1aTPluf1QBP4G6gj6CvlFhsDVrXq9q3boP76M7VNGLb1IUszQYklIlDdcGb_Po3CK_kbgQO4pmezf7o_P41EWR-rSTKXppeA_GMpru1BCkq3rIwo60JT7q_CC22vc0KWfbKEtI1DNKBVJmvYS3iex8XfOOGGtq6ubsS0moZOzKiNXbqxFRQUO_15BTFoh6LQ_AQc7zjTFkml6gNWYj3YjrOUBJ99wXvb0f3a6Xhai31YIUt9qrZLHq9knWhKvEzlH3EiL4HnQf3RPyuGtLYLtmEFNHhJYihqs3-yaLSjE8Ezgfi_4pkun0Avv43aYHKUEOzV_ouQ','2022-07-18 17:24:39',NULL,NULL,NULL,NULL,0),(50,5,'5d0101c4-cb9f-4fb0-8a35-6ac4fd082ace','eyJhbGciOiJSUzI1NiJ9.eyJzdWIiOiJwaHVjdmlwIiwiYXV0aG9yaXRpZXMiOlsiUk9MRV9BRE1JTiIsIlJPTEVfVVNFUiJdLCJpYXQiOjE2NTgxOTU2ODUsImV4cCI6MTY1ODE5NTkyNX0.JWqpQE6myfSMfcAKcrKRc6uKoOMmB6lyOE43Mm95sVh6QkjUPh4ctrLEIvtCMOSEo4CMsrp42M2XgMqyaV3OmBwj8-LPKNFAGAM-m-jgYBXWpiWPPzoH2l198Zw1yuHaFfTrTYk11pi2DiOvOvXg_NK-xPh4KNRqmoQbZdnliietkeNI4K8T1HXCdh6Fc_eXNNKjme2XUzkAurdKBwwOwy5IOPfeleOoMrwQZhNQIpTRGgf8hIQNxXY3A9MZZszSW98PLCNdFO-Z_SMiGok34u4v92DF1sfXD5Q_2ZWo_8knLpYQrChECVAJeSwsE88l5d_sI11cuHrAP58f8QHNbg','2022-07-19 09:14:45',NULL,NULL,NULL,NULL,0),(51,5,'93117bc1-11ab-4ebe-a52c-0e7e3ab4c628','eyJhbGciOiJSUzI1NiJ9.eyJzdWIiOiJwaHVjdmlwIiwiYXV0aG9yaXRpZXMiOlsiUk9MRV9VU0VSIiwiUk9MRV9BRE1JTiJdLCJpYXQiOjE2NTgxOTY4NDAsImV4cCI6MTY1ODE5NzA4MH0.sBgrNNNgh_LfYkHXeVqb_Y-xzPTf6QYwRumjxmHCApUwo4TazE3ETcf3bZ_dKMEIK_OGVxVs4fnEiw7E0g-phyMUlH83tQTODt3umPM4hRXWFUzjU4DuTC5adkwBOQwa9MV3AV9pckC4YIyPQ1eykOercVODgvP0yu4RCtIqsexpS3W2YvviMZLy3aS58saY2iQPmLNBPKAgE7gBkg8LNbi7-L3SnZQ9PMAnqDMbO_9OuWdHcF4QumBrQ8LW1eFgZ_roYpy1pj_3wSXQSjGlvC_YSdXoaXPFcGAlUlytvt8pXxWTkkaopZFg0xv5ij_ZRxobtPrQEX5RkgIh86K5sg','2022-07-19 09:34:00',NULL,NULL,NULL,NULL,0),(52,5,'1ddb2773-8753-4589-86ef-64d55723806c','eyJhbGciOiJSUzI1NiJ9.eyJzdWIiOiJwaHVjdmlwIiwiYXV0aG9yaXRpZXMiOlsiUk9MRV9VU0VSIiwiUk9MRV9BRE1JTiJdLCJpYXQiOjE2NTgxOTgzNjQsImV4cCI6MTY1ODE5ODYwNH0.JBxFN2WVGpRgoqoAwpPNjEVJqiyQIhX9CdWqj-C26ScAlAmU4Ko_lihqJlCE02MjNF5YQSFOwyOAJvXvC9tZ2t4ABgTC3z3dvFHGhUJ8p_r282htKA2p7Cu5yW_C2vteOt2kCex3AKans82UvgNkfjlM9k5pNxiMLIUL36xW3fi_QaC51VFVMwU1S9Z0-iqCe8nsdzemv9uirGRldru68cKnHOpkMh3WcunnzWOUo1uL4h-ndi664iBEgFI9fiTvr77AhMJ12ZcRzOkDWDtELns29XJYfVd62A5YVc23TI_iZvuY_fYVeUFOca6BW7U_O3d4nkgMFlXGzYchq9v6xQ','2022-07-19 09:59:24',NULL,NULL,NULL,NULL,0),(53,5,'298d3938-302a-4031-af2b-3a00f9cf87da','eyJhbGciOiJSUzI1NiJ9.eyJzdWIiOiJwaHVjdmlwIiwiYXV0aG9yaXRpZXMiOlsiUk9MRV9VU0VSIiwiUk9MRV9BRE1JTiJdLCJpYXQiOjE2NTgyMDA2NDUsImV4cCI6MTY1ODIwMDg4NX0.ZJyuwr1Mi_b9K4dV4CHzjabxFsZuMzhOML-5yChkPCYKwWogwJG-peeCR7G4tjY-_DqMBnnwGoo4RavjoGqqXm1Vxiz7ZLsKcpWUvlaZZJWWZLFgZDLBoyRCPU70GFdEYXpliw4CXg-27qHgev51R-6FRhlLMUR782Nycqbo4q0BZejSNrcCaZ8MnAafOV9ciGh3YVYwazJ9vmeLYTxK0CnMcGlfHErP2ywtsoyTDcBCyenJR-jZ5TN5unnTg7oazI66q2AvvGlodO_2Tc53zWSjQVeWQ_sYbJG3K5QPWlaQOsyv3ckZewwKQ7ztaRur09rwQlCBHB5ikiQrnDrCew','2022-07-19 10:36:35',NULL,NULL,NULL,NULL,0),(54,6,'1e810ef1-0443-4157-949e-a167ab9da510',NULL,'2022-07-22 15:55:37',NULL,NULL,NULL,NULL,0),(55,6,'fb8abe2d-0551-465f-b155-a0ae069ddaaf','eyJhbGciOiJSUzI1NiJ9.eyJzdWIiOiJwaHVjYmJiIiwiYXV0aG9yaXRpZXMiOlsiUk9MRV9BRE1JTiIsIlJPTEVfVVNFUiJdLCJpYXQiOjE2NTg0ODM4ODYsImV4cCI6MTY1ODQ4NDEyNn0.LYwPPf0m_R8mtcM4YeBMGT-5iL6VaUdntoAfwXo-koIe1qRi7s-82jv-ljwC4iQZw0LQYq4nlEC0uPkaAl5DExXFI6eDngqlA_fhF-1OuyE-ZzIuKQQLbSJ-V7vTxE3Y4bVMnhsVZMKhrPrEIvQMm4M7gvsuRr4aFO2YVyOHN6mgF2xaqDsAh9JbS96zrkvI4gUzXIQ_fx1EUEOnLx2DMnOPf9yYEox3EOXZniyBbE_PNNItljaE43nSB_xKVJNEgfw-G3xXklZeWMuX-kQ-zbJIlU-8eUyqOnyeIT9bdDfuPmudMyZeJ2zERVoD7LXOke1OxuCx3sxy9wkBOslUaw','2022-07-22 17:18:06',NULL,NULL,NULL,NULL,0),(56,6,'7b831926-b445-4a81-9282-933b70410739','eyJhbGciOiJSUzI1NiJ9.eyJzdWIiOiJwaHVjYmJiIiwiYXV0aG9yaXRpZXMiOlsiUk9MRV9VU0VSIiwiUk9MRV9BRE1JTiJdLCJpYXQiOjE2NTg3MTQxNTYsImV4cCI6MTY1ODcxNDM5Nn0.jfNQKo6oRwu0ZESqYG1JRISozfOb_Dlpjiua0Jwi-F78Zgh-rLOqe-NgDu-K434_R9fRiF2V-EfPbNzDdv1UbekKEW9WLYF3Q9X_Tcb7bGfPcQv96iZv_30NgTfZaeyo4cEhYyKp-ZXW9Ka-Oe5lCGTerejNGbAcDQqHZ-P_rdEC4xaQI9ENkB8VM2s-9Ne2USFumzZAF64Fh1aTUOlVKBiWh8-V87dwVP8DOkZFH28-IWN-FD5jMU7ehS6ICXnAbY9t2eujCm0aIi7W7v4cJFDy9PQszdifB3kEPLvS4zT2z3tubcRAHAhGDB7PSE64iQoX7Hy56DoqruOmOZUSGA','2022-07-25 09:15:56',NULL,NULL,NULL,NULL,0),(57,6,'7e6d0539-18fb-4c7c-9a2a-5720fc92ef24','eyJhbGciOiJSUzI1NiJ9.eyJzdWIiOiJwaHVjYmJiIiwiYXV0aG9yaXRpZXMiOlsiUk9MRV9VU0VSIiwiUk9MRV9BRE1JTiJdLCJpYXQiOjE2NTg3MTQ0MDYsImV4cCI6MTY1ODcxNDY0Nn0.pL_oUwSeYU4ouw2WXqTqGdoqQCIl-5_c1hrnHneFsJckxU7sKhGJZ8tiRIvi5Ib6JznQju1FJhTUqofATOqEo5DSpl7Kw8sDvvjEhOdx3ClFvnciUNdIH-pMpK5XWOw1q49EbJmJGrMG29-rK3WE6uklV3nI8_lAO1LL0AgCxjffhiypPHtGdi8ZtFcuagpg79Lj3vIRhcwZGKqJA_wg7Wlffj8U1PTZRoSd_2eBzqVVu11oYP6pvFYWHVoy_XMUiS0MyR_BYVwDe1cwjl7P4Qy_qTctSEMbaETeoCrwboeFyy6886i5Ebj2Ec6fQ6OeRlmyXRBgoVQkZbZyfN8YQg','2022-07-25 09:20:06',NULL,NULL,NULL,NULL,0),(58,6,'bbdc6377-ccfc-4f60-bccf-3951d79c35ec','eyJhbGciOiJSUzI1NiJ9.eyJzdWIiOiJwaHVjYmJiIiwiYXV0aG9yaXRpZXMiOlsiUk9MRV9BRE1JTiIsIlJPTEVfVVNFUiJdLCJpYXQiOjE2NTg3MTkzNzQsImV4cCI6MTY1ODcxOTYxNH0.uRh1jU_isr78YC38BXuJUD9zmbHYsalE1LPp5I5KpIQQCutlPCZdVgk_9meVinUC4iJksxbvc8Ex9dNg5XcZwwOIqjK7fo6e8e_f0gKOQg1ziG_7z6oO5YN-5YbwbOq5sd8UK7ADsFyrfKv8o7g6gZEMzwta9KeFK981m42j1eMqTfzieijaYg7wgugabq6RcXsuJl-q05wiNBOSkmTXxPx5bew8whs7TGpAYAPIcITnjFLB37agmeTJocPVW3MmQfx7D4hfyqwUNX9p8BHmQqrjqDeIiKkkIJWjvP2G1cTQxiRnnUcB6wqQGT8Q9PeRKKgID5TK8KsTkzvyuZGY2g','2022-07-25 10:42:54',NULL,NULL,NULL,NULL,0),(59,6,'1887a3a3-66ec-4b99-83fd-dfe19fb86901','eyJhbGciOiJSUzI1NiJ9.eyJzdWIiOiJwaHVjYmJiIiwiYXV0aG9yaXRpZXMiOlsiUk9MRV9VU0VSIiwiUk9MRV9BRE1JTiJdLCJpYXQiOjE2NTg3MjA0OTUsImV4cCI6MTY1ODcyMDczNX0.V62UP-lSu4u4DzghHi2pmlzsV2qa8r9vi6UkyCp6YRoTp5PgA3UBgGoTdINwGBAtriykOIkAulJqlAKs8yhqHKo_xRGPFMy5QnDFT1pAeuDIPIXTv-FY2xzuisHjkteHNaIoQlw2NX2ZpTNxYvF7Tr2HaVzr7rZ2HYL6luvUimlIDd_6JMVUhQ6SxeBkDrEXO-ytPrgTHD20YTyzLA3huU-SJ3jT-aRCBcsoNz1tISX6r0ox3h7wug3IIedIpLWAzoCd561eyYTF1udmxPcQkjOq5pPgXp3t5lkrs_f3mceHsC8ezocifxcCwxZuwxiREmHWtdVgBLUk8_Vw6WhUiQ','2022-07-25 11:01:35',NULL,NULL,NULL,NULL,0),(60,5,'96fce597-7829-4432-87cc-fb3a5eb465e8','eyJhbGciOiJSUzI1NiJ9.eyJzdWIiOiJwaHVjdmlwIiwiYXV0aG9yaXRpZXMiOlsiUk9MRV9BRE1JTiIsIlJPTEVfVVNFUiJdLCJpYXQiOjE2NTg3MjQ5NjYsImV4cCI6MTY1ODcyNTIwNn0.JQTCu_slnuctFg0UoYM7le2zWqpG-1DTQZlQ74GwCVQFpymU78ELOhnMBsXI_Z5bvD9CdI2o0Hok-8NxPCFLarA0JzzECIMbaus6trYKerU5GhSf_93RIYKdiqPsrbOU6DKdy9fAJLo5XAE4sDSPzRyvNzC7akETePJeaAD5vt8pXA5jUxZHyaX7fZfCwHZoExyUIr1jVF8048RijsuDS0K-rKIUY2LwQZc0fFml1YBGweLKCDiDHBrfqOKlEOL2fZT2FYLo5QXRfnaCjglnzkFtBcLavaDDXQnNTxGzyTyy4F-9HH_ceglEz7osDkXVrqkf0PCTbcT3LWj1JmSbNg','2022-07-25 12:16:06',NULL,NULL,NULL,NULL,0),(61,5,'d32402c3-4da2-46f6-872b-c6fefa1a0c6c','eyJhbGciOiJSUzI1NiJ9.eyJzdWIiOiJwaHVjdmlwIiwiYXV0aG9yaXRpZXMiOlsiUk9MRV9BRE1JTiIsIlJPTEVfVVNFUiJdLCJpYXQiOjE2NTg3MzA0MzMsImV4cCI6MTY1ODczMDY3M30.oorPQPnNKKxg64XNicsKWj9XDVC7jpWUlrKYkPJS37tMimHKp-b9WIcYPy9c6gO-4teGxkOXKHFRjIstG7N2I8OiYMlmrmNAkDKpHyaXpwMu4Xw-PrYx3ahKJznjQ6SgIt8I_2XpgEEHiWMoywqsUPYxwhoYUM4tFIvyGaGhYoMLkDkQAp4i4gzY2aiDiyxeR02KSKY6bs3wRRojPh712igvx07JDioMB3GDGiJznW7Ls8gK7WAaq-GDE1RpOPeYrE4uZcLrB4y6qsXDiURgMKT_zSMihRhFMGBQugpe5yYdazsDJxnJ_7T4WbVwX5rQuU34ysopkhinq1Fw-tEmrA','2022-07-25 13:47:13',NULL,NULL,NULL,NULL,0),(62,5,'84de89f6-1a35-466d-9d6b-8d0e319c6541','eyJhbGciOiJSUzI1NiJ9.eyJzdWIiOiJwaHVjdmlwIiwiYXV0aG9yaXRpZXMiOlsiUk9MRV9VU0VSIiwiUk9MRV9BRE1JTiJdLCJpYXQiOjE2NTg3MzcxNjYsImV4cCI6MTY1ODczNzQwNn0.cTBJeZ1B0Nh-9ZABX1t_-5fOZwKMyK6dCmy1y043X8ul8wQL2wZzG3Vub-_uP2ifH1MuNiKokmhJlM_G9MYLf6dFYRgTtBdsVEHgoiPYoOuY3nUnPm-pwnT3gng49UKVFjU0G0sHcYWx_5UNpT0b75_GbpKblJDKNf2whK8HHtJWNPfyCZS3lkObzIOM8UFaLqhuw-BzgbAjRULuBQsWdxFaNBsEGfRI_kc9kHheAPN3tgZs5c6vb9Gie92PTp3MjBBVJYxcRiAcBAQekQhgXaE9cjPR_u_GnDumbJa_1jFonGWuIqYHVSpuWsaTDZ8a_HfuDg9JH6fkRJwjGUb7mg','2022-07-25 15:39:26',NULL,NULL,NULL,NULL,0),(63,5,'f23b428a-7c8e-4cb2-b6fa-aae6b431f84e','eyJhbGciOiJSUzI1NiJ9.eyJzdWIiOiJwaHVjdmlwIiwiYXV0aG9yaXRpZXMiOlsiUk9MRV9VU0VSIiwiUk9MRV9BRE1JTiJdLCJpYXQiOjE2NTg4MDQ1NjEsImV4cCI6MTY1ODgwNDgwMX0.mJc8jpRoNfkWrMenmOjgAXp7locPL32RuEXPhgrGuo6sO6wLWKui-pSBM6s-gjSymo63OBak6uIMhy3bg2gGoMvQVTMx1Oo9sall7DDw6534BGUQLpAgvU1j_dwphu4M08NNby-XbjXN0BoSmCMvTtLlUCw54NvfcI20byn678vgOVwonh9hM-hWRpnly0EM4sMeRBai7ue6Zqo25HDiqKY2QPbVRv50xUrLCM-xHFdBGUm2__DFgzPqFru378LRghy4QObZdsoEhFjXDzkMU_gGVuMC46FUkIshU6U4XNVav5hjPh0Nbo9SRL_b_9QzcB6S_rGCDEL8n23-1qv_GA','2022-07-26 10:22:41',NULL,NULL,NULL,NULL,0);
/*!40000 ALTER TABLE `refresh_token` ENABLE KEYS */;
UNLOCK TABLES;

--
-- Table structure for table `roles`
--

DROP TABLE IF EXISTS `roles`;
/*!40101 SET @saved_cs_client     = @@character_set_client */;
/*!40101 SET character_set_client = utf8 */;
CREATE TABLE `roles` (
  `id` bigint(20) NOT NULL AUTO_INCREMENT,
  `name` varchar(100) NOT NULL,
  `created_by` varchar(25) DEFAULT NULL,
  `created_date` datetime DEFAULT NULL,
  `modified_by` varchar(25) DEFAULT NULL,
  `modified_date` datetime DEFAULT NULL,
  `is_deleted` tinyint(1) DEFAULT 0,
  PRIMARY KEY (`id`)
) ENGINE=InnoDB AUTO_INCREMENT=4 DEFAULT CHARSET=utf8mb4;
/*!40101 SET character_set_client = @saved_cs_client */;

--
-- Dumping data for table `roles`
--

LOCK TABLES `roles` WRITE;
/*!40000 ALTER TABLE `roles` DISABLE KEYS */;
INSERT INTO `roles` VALUES (1,'ROLE_USER',NULL,NULL,NULL,NULL,0),(2,'ROLE_MODERATOR',NULL,NULL,NULL,NULL,0),(3,'ROLE_ADMIN',NULL,NULL,NULL,NULL,0);
/*!40000 ALTER TABLE `roles` ENABLE KEYS */;
UNLOCK TABLES;

--
-- Table structure for table `user_authentication_history`
--

DROP TABLE IF EXISTS `user_authentication_history`;
/*!40101 SET @saved_cs_client     = @@character_set_client */;
/*!40101 SET character_set_client = utf8 */;
CREATE TABLE `user_authentication_history` (
  `id` bigint(20) NOT NULL AUTO_INCREMENT,
  `login_type` varchar(25) DEFAULT NULL,
  `device_id` varchar(25) DEFAULT NULL,
  `device_type` varchar(25) DEFAULT NULL,
  `action_datetime` datetime DEFAULT NULL,
  `ip_address` varchar(100) DEFAULT NULL,
  `is_success` tinyint(1) DEFAULT NULL,
  `user_action` varchar(25) DEFAULT NULL,
  `user_id` bigint(20) NOT NULL,
  `created_by` varchar(25) DEFAULT NULL,
  `created_date` datetime DEFAULT NULL,
  `modified_by` varchar(25) DEFAULT NULL,
  `modified_date` datetime DEFAULT NULL,
  `is_deleted` tinyint(1) DEFAULT 0,
  PRIMARY KEY (`id`),
  KEY `user_authentication_history_FK` (`user_id`),
  CONSTRAINT `user_authentication_history_FK` FOREIGN KEY (`user_id`) REFERENCES `users` (`id`)
) ENGINE=InnoDB AUTO_INCREMENT=27 DEFAULT CHARSET=utf8mb4;
/*!40101 SET character_set_client = @saved_cs_client */;

--
-- Dumping data for table `user_authentication_history`
--

LOCK TABLES `user_authentication_history` WRITE;
/*!40000 ALTER TABLE `user_authentication_history` DISABLE KEYS */;
INSERT INTO `user_authentication_history` VALUES (1,'EMAIL',NULL,NULL,'2022-06-28 17:01:46',NULL,1,'LOGIN',5,NULL,NULL,NULL,NULL,0),(2,'EMAIL',NULL,NULL,'2022-07-06 08:40:56',NULL,1,'LOGIN',5,NULL,NULL,NULL,NULL,0),(3,'EMAIL',NULL,NULL,'2022-07-06 09:37:40',NULL,1,'LOGIN',5,NULL,NULL,NULL,NULL,0),(4,'EMAIL',NULL,NULL,'2022-07-06 09:38:44',NULL,1,'LOGIN',5,NULL,NULL,NULL,NULL,0),(5,'EMAIL',NULL,NULL,'2022-07-06 10:14:22',NULL,1,'LOGIN',5,NULL,NULL,NULL,NULL,0),(6,'EMAIL',NULL,NULL,'2022-07-06 10:30:47',NULL,1,'LOGIN',5,NULL,NULL,NULL,NULL,0),(7,'EMAIL',NULL,NULL,'2022-07-06 10:31:05',NULL,1,'LOGIN',5,NULL,NULL,NULL,NULL,0),(8,'EMAIL',NULL,NULL,'2022-07-06 10:55:10',NULL,1,'LOGIN',5,NULL,NULL,NULL,NULL,0),(9,NULL,'1','PC','2022-07-06 10:57:40',NULL,1,'LOGOUT',5,NULL,NULL,NULL,NULL,0),(10,'EMAIL',NULL,NULL,'2022-07-18 15:58:32',NULL,1,'LOGIN',5,NULL,NULL,NULL,NULL,0),(11,'EMAIL',NULL,NULL,'2022-07-18 16:03:04',NULL,1,'LOGIN',5,NULL,NULL,NULL,NULL,0),(12,'EMAIL',NULL,NULL,'2022-07-18 17:04:39',NULL,1,'LOGIN',5,NULL,NULL,NULL,NULL,0),(13,'EMAIL',NULL,NULL,'2022-07-19 08:54:45',NULL,1,'LOGIN',5,NULL,NULL,NULL,NULL,0),(14,'EMAIL',NULL,NULL,'2022-07-19 09:14:00',NULL,1,'LOGIN',5,NULL,NULL,NULL,NULL,0),(15,'EMAIL',NULL,NULL,'2022-07-19 09:39:24',NULL,1,'LOGIN',5,NULL,NULL,NULL,NULL,0),(16,'EMAIL',NULL,NULL,'2022-07-19 10:16:35',NULL,1,'LOGIN',5,NULL,NULL,NULL,NULL,0),(17,'EMAIL',NULL,NULL,'2022-07-22 15:35:37',NULL,1,'LOGIN',6,NULL,NULL,NULL,NULL,0),(18,'EMAIL',NULL,NULL,'2022-07-22 16:58:06',NULL,1,'LOGIN',6,NULL,NULL,NULL,NULL,0),(19,'EMAIL',NULL,NULL,'2022-07-25 08:55:56',NULL,1,'LOGIN',6,NULL,NULL,NULL,NULL,0),(20,'EMAIL',NULL,NULL,'2022-07-25 09:00:06',NULL,1,'LOGIN',6,NULL,NULL,NULL,NULL,0),(21,'EMAIL',NULL,NULL,'2022-07-25 10:22:54',NULL,1,'LOGIN',6,NULL,NULL,NULL,NULL,0),(22,'EMAIL',NULL,NULL,'2022-07-25 10:41:35',NULL,1,'LOGIN',6,NULL,NULL,NULL,NULL,0),(23,'EMAIL',NULL,NULL,'2022-07-25 11:56:06',NULL,1,'LOGIN',5,NULL,NULL,NULL,NULL,0),(24,'EMAIL',NULL,NULL,'2022-07-25 13:27:13',NULL,1,'LOGIN',5,NULL,NULL,NULL,NULL,0),(25,'EMAIL',NULL,NULL,'2022-07-25 15:19:26',NULL,1,'LOGIN',5,NULL,NULL,NULL,NULL,0),(26,'EMAIL',NULL,NULL,'2022-07-26 10:02:41',NULL,1,'LOGIN',5,NULL,NULL,NULL,NULL,0);
/*!40000 ALTER TABLE `user_authentication_history` ENABLE KEYS */;
UNLOCK TABLES;

--
-- Table structure for table `user_role`
--

DROP TABLE IF EXISTS `user_role`;
/*!40101 SET @saved_cs_client     = @@character_set_client */;
/*!40101 SET character_set_client = utf8 */;
CREATE TABLE `user_role` (
  `user_id` bigint(20) NOT NULL,
  `role_id` bigint(20) NOT NULL,
  PRIMARY KEY (`user_id`,`role_id`),
  KEY `user_role_FK_1` (`role_id`),
  CONSTRAINT `user_role_FK` FOREIGN KEY (`user_id`) REFERENCES `users` (`id`),
  CONSTRAINT `user_role_FK_1` FOREIGN KEY (`role_id`) REFERENCES `roles` (`id`)
) ENGINE=InnoDB DEFAULT CHARSET=utf8mb4;
/*!40101 SET character_set_client = @saved_cs_client */;

--
-- Dumping data for table `user_role`
--

LOCK TABLES `user_role` WRITE;
/*!40000 ALTER TABLE `user_role` DISABLE KEYS */;
INSERT INTO `user_role` VALUES (2,1),(3,1),(3,3),(4,3),(5,1),(5,3),(6,1),(6,3),(9,1),(10,1),(11,1),(12,1),(12,3),(13,1);
/*!40000 ALTER TABLE `user_role` ENABLE KEYS */;
UNLOCK TABLES;

--
-- Table structure for table `users`
--

DROP TABLE IF EXISTS `users`;
/*!40101 SET @saved_cs_client     = @@character_set_client */;
/*!40101 SET character_set_client = utf8 */;
CREATE TABLE `users` (
  `id` bigint(20) NOT NULL AUTO_INCREMENT,
  `username` varchar(20) DEFAULT NULL,
  `email` varchar(50) DEFAULT NULL,
  `password` varchar(120) DEFAULT NULL,
  `image_url` varchar(250) DEFAULT NULL,
  `provider` varchar(100) DEFAULT NULL,
  `provider_id` varchar(100) DEFAULT NULL,
  `created_by` varchar(25) DEFAULT NULL,
  `created_date` datetime DEFAULT NULL,
  `modified_by` varchar(25) DEFAULT NULL,
  `modified_date` datetime DEFAULT NULL,
  `is_deleted` tinyint(1) DEFAULT 0,
  PRIMARY KEY (`id`),
  UNIQUE KEY `users_UN` (`username`),
  UNIQUE KEY `users_UN1` (`email`)
) ENGINE=InnoDB AUTO_INCREMENT=14 DEFAULT CHARSET=utf8mb4;
/*!40101 SET character_set_client = @saved_cs_client */;

--
-- Dumping data for table `users`
--

LOCK TABLES `users` WRITE;
/*!40000 ALTER TABLE `users` DISABLE KEYS */;
INSERT INTO `users` VALUES (2,'phucnv','phucbk1997@gmail.com','$2a$10$wNjGLYbS1V44SEcLJIsP8e80GMp9eeIXDdwgG2AmHWZwOye/cCPuu',NULL,NULL,NULL,NULL,NULL,NULL,NULL,NULL),(3,'phucadmin','phucbk1995@gmail.com','$2a$10$Hj2oKUWnI9WtpaVR5Y3Av.jGn83sBRLDd4moVmMbrcdKRXY0deT4C',NULL,NULL,NULL,NULL,NULL,NULL,NULL,NULL),(4,'phucpro','phucbk1998@gmail.com','$2a$10$5IUJlbVlEN0mOk07/BywmeDHkZs6peEgjx4iywk8NMM2ds3O..ARK',NULL,NULL,NULL,NULL,NULL,NULL,NULL,NULL),(5,'phucvip','phucbk1999@gmail.com','$2a$10$yXSS10E7YJb9pUA1eztIOOrJvmofM10iJ0WGPvbLXGeVbvcSqTziG',NULL,NULL,NULL,NULL,NULL,NULL,NULL,0),(6,'phucbbb','phucbk2000@gmail.com','$2a$10$kirlGkd1qEDiApkuC.07J.NE./VHQ04tjQ4vYneT7M1q.6DM28f72',NULL,NULL,NULL,NULL,NULL,NULL,NULL,0),(9,'Phúc Nguyễn','dev.vietphuc96@gmail.com',NULL,'https://lh3.googleusercontent.com/a-/AFdZuco5ZP80N3alZ0Z8WSyI4G3aWDnxfXxhUV2jbwYK=s96-c','google','111006836752871887618',NULL,NULL,NULL,NULL,0),(10,'Viết Phúc','phucbk1996@gmail.com',NULL,'https://platform-lookaside.fbsbx.com/platform/profilepic/?asid=3425170837769209&height=250&width=250&ext=1662013722&hash=AeQ-MBl6XcaV0aQn30A','facebook','3425170837769209',NULL,NULL,NULL,NULL,0),(11,'Nguyễn Viết Phúc','phuc.nguyen@adamosoft.com',NULL,'https://avatars.githubusercontent.com/u/61816637?v=4','github','61816637',NULL,NULL,NULL,NULL,0),(12,'phuckk','phucbk2001@gmail.com','$2a$10$Bj3TwU86gjknfe6xoONdUe7Gn.3ayqorqDl2uNKMG4s7SIpbuSNjW',NULL,'local',NULL,NULL,NULL,NULL,NULL,0),(13,'Thanh Dong','thanh.dong@adamosoft.com',NULL,'https://lh3.googleusercontent.com/a/AItbvmnVDTz0OVW-MBw-EQE1f6SJTZd9iKirtoISHR0H=s96-c','google','104464168261197092749',NULL,NULL,NULL,NULL,0);
/*!40000 ALTER TABLE `users` ENABLE KEYS */;
UNLOCK TABLES;

--
-- Dumping routines for database 'as'
--
/*!40103 SET TIME_ZONE=@OLD_TIME_ZONE */;

/*!40101 SET SQL_MODE=@OLD_SQL_MODE */;
/*!40014 SET FOREIGN_KEY_CHECKS=@OLD_FOREIGN_KEY_CHECKS */;
/*!40014 SET UNIQUE_CHECKS=@OLD_UNIQUE_CHECKS */;
/*!40101 SET CHARACTER_SET_CLIENT=@OLD_CHARACTER_SET_CLIENT */;
/*!40101 SET CHARACTER_SET_RESULTS=@OLD_CHARACTER_SET_RESULTS */;
/*!40101 SET COLLATION_CONNECTION=@OLD_COLLATION_CONNECTION */;
/*!40111 SET SQL_NOTES=@OLD_SQL_NOTES */;

-- Dump completed on 2022-08-03 15:24:19
